"DJ Name","Real Name","URL"
"Stuart Hill Robinson","Stuart Hill Robinson","https://soundcloud.com/shr_52/sunday-sundowns-20220424"
"Redstickman","Michael Redstickman","https://soundcloud.com/redstickman/live-at-sunday-sundowns-110721"
"Dummy Splash","Ian Dugas","https://soundcloud.app.goo.gl/yuk5xHjHGK1p5TecA"
"Sage Farris","Sage Farris","https://soundcloud.com/sagefarris_mistaf/ecstatic-dance-salt-lake-city-3622-live-from-clubhouse"
"Just B","Bryan Cooke","https://soundcloud.com/dj_just_b/new-bohemia-nye-2020"
"DJDIO","Tim Dionne","https://www.mixcloud.com/djdiosf/ambient-mafia-sunday-sundown-32022/"
"Whiskey Devil","Rachel Reynolds","https://soundcloud.com/whiskeydevil/glitchedchill?utm_source=clipboard&utm_medium=text&utm_campaign=social_sharing"
"DMak","Dave Mak","https://soundcloud.com/djdmak/dj-dmak-ambient-excursion?utm_source=clipboard&utm_medium=text&utm_campaign=social_sharing"
"Sneaky Hippie","Jason Peace","https://soundcloud.com/sneakyhippie/fnf-campout-chill-submission-2022"
"Actual Rafiq","Rafiq Gulamani","https://www.twitch.tv/videos/1422797692"
"Sinukus","Stephen Wilson","https://soundcloud.app.goo.gl/9256HMfq7V8vrEzc8"
"Dao & Pwny","ethan Dao clairville","https://soundcloud.com/pwny/first-brunch-dao-pwny-2016-brunchcast"
"Treedub","Chris Willmore","https://www.mixcloud.com/treedub/sunday-sundowns-33-5232021/"
"Cindy B","Cindy Berman-Hayden","https://soundcloud.app.goo.gl/SgLGzwYeA77HzRY27"
"River Green","Brett Greenbaum","https://soundcloud.com/brettgreen/particulatematter"
"phredpdx","Fred Heutte","https://www.mixcloud.com/phredpdx/2022-02-05-audio-cafe-sound-and-culture-2/"
"Audionista","Ana L Valle","https://www.mixcloud.com/audionista/_nistas-afternoon-radio/"
"JDN","J.D. Northrup","https://soundcloud.com/jdn/fnf-mix-2022/s-HG06S1kbFHq?utm_source=clipboard&utm_medium=text&utm_campaign=social_sharing"
"Expedition Alpha","Jessika Vermette and Jordan Paul","https://soundcloud.app.goo.gl/GzaXjshjt2tPRM3W9"
